{
  "cs.weapons": {
    "category": "master",
    "sounds": [
      "gun"
    ]
  },
  "cs.random.headshot_victim": {
    "category": "master",
    "sounds": [
      "mcgo/random/headshot_victim"
    ]
  },
  "cs.random.reload_end": {
    "category": "master",
    "sounds": [
      "mcgo/random/reload_end"
    ]
  },
  "cs.random.reload_start": {
    "category": "master",
    "sounds": [
      "mcgo/random/reload_start"
    ]
  },
  "cs.random.reload_fire": {
    "category": "master",
    "sounds": [
      "mcgo/random/reload_fire"
    ]
  },
  "cs.callouts.letsgoin": {
    "category": "master",
    "sounds": [
      "mcgo/callouts/letsgoin32"
    ]
  },
  "cs.weapons.shotgunshot": {
    "category": "master",
    "sounds": [
      "mcgo/weapons/shotgunshot01"
    ]
  },
  "cs.gamesounds.bombdroppedyourteam": {
    "category": "master",
    "sounds": [
      "mcgo/gamesounds/bombdroppedyourteam"
    ]
  },
  "cs.taunts.tooeasy": {
    "category": "master",
    "sounds": [
      "mcgo/taunts/tooeasy"
    ]
  },
  "cs.callouts.negative": {
    "category": "master",
    "sounds": [
      "mcgo/callouts/negative"
    ]
  },
  "cs.gamesounds.winteamcreepers": {
    "category": "master",
    "sounds": [
      "mcgo/gamesounds/winteamcreepers"
    ]
  },
  "cs.taunts.poparound": {
    "category": "master",
    "sounds": [
      "mcgo/taunts/poparound"
    ]
  },
  "cs.gamesounds.winteamocelots": {
    "category": "master",
    "sounds": [
      "mcgo/gamesounds/winteamocelots"
    ]
  },
  "cs.gamesounds.secondsremain": {
    "category": "master",
    "sounds": [
      "mcgo/gamesounds/30secondsremain"
    ]
  },
  "cs.weapons.carbineshot": {
    "category": "master",
    "sounds": [
      "mcgo/weapons/carbineshot01"
    ]
  },
  "cs.throwables.explodegrenade": {
    "category": "master",
    "sounds": [
      "mcgo/throwables/explodegrenade"
    ]
  },
  "cs.gamesounds.throwingflashbang": {
    "category": "master",
    "sounds": [
      "mcgo/gamesounds/throwingflashbang"
    ]
  },
  "cs.weapons.snipershot": {
    "category": "master",
    "sounds": [
      "mcgo/weapons/snipershot01"
    ]
  },
  "cs.taunts.mvp": {
    "category": "master",
    "sounds": [
      "mcgo/taunts/mvp"
    ]
  },
  "cs.gamesounds.wilhelm": {
    "category": "master",
    "sounds": [
      "mcgo/gamesounds/wilhelm"
    ]
  },
  "cs.gamesounds.criminalswinthegame": {
    "category": "master",
    "sounds": [
      "mcgo/gamesounds/criminalswinthegame"
    ]
  },
  "cs.gamesounds.throwinggrenade": {
    "category": "master",
    "sounds": [
      "mcgo/gamesounds/throwinggrenade"
    ]
  },
  "cs.taunts.thatallyougot": {
    "category": "master",
    "sounds": [
      "mcgo/taunts/thatallyougot"
    ]
  },
  "cs.taunts.behindyou": {
    "category": "master",
    "sounds": [
      "mcgo/taunts/behindyou"
    ]
  },
  "cs.callouts.gotaweaponforyou": {
    "category": "master",
    "sounds": [
      "mcgo/callouts/gotaweaponforyou"
    ]
  },
  "cs.taunts.hypixel": {
    "category": "master",
    "sounds": [
      "mcgo/taunts/hypixel"
    ]
  },
  "cs.gamesounds.copswinthegame": {
    "category": "master",
    "sounds": [
      "mcgo/gamesounds/copswinthegame"
    ]
  },
  "cs.gamesounds.oneenemyleft": {
    "category": "master",
    "sounds": [
      "mcgo/gamesounds/oneenemyleft"
    ]
  },
  "random.eat": {
    "category": "master",
    "sounds": [
      "random/eat1",
      "random/eat2",
      "random/eat3"
    ]
  },
  "cs.shop.shopmenuclose": {
    "category": "master",
    "sounds": [
      "mcgo/shop/shopmenuclose"
    ]
  },
  "cs.shop.shopbuyitem": {
    "category": "master",
    "sounds": [
      "mcgo/shop/shopbuyitem"
    ]
  },
  "cs.taunts.goodgame": {
    "category": "master",
    "sounds": [
      "mcgo/taunts/goodgame"
    ]
  },
  "cs.taunts.peekaboo": {
    "category": "master",
    "sounds": [
      "mcgo/taunts/peekaboo"
    ]
  },
  "cs.gamesounds.droppedagun": {
    "category": "master",
    "sounds": [
      "mcgo/gamesounds/droppedagun"
    ]
  },
  "cs.taunts.mymother": {
    "category": "master",
    "sounds": [
      "mcgo/taunts/mymother"
    ]
  },
  "cs.gamesounds.bombdefused": {
    "category": "master",
    "sounds": [
      "mcgo/gamesounds/bombdefused"
    ]
  },
  "cs.gamesounds.oneteammateleft": {
    "category": "master",
    "sounds": [
      "mcgo/gamesounds/oneteammateleft"
    ]
  },
  "cs.callouts.followme": {
    "category": "master",
    "sounds": [
      "mcgo/callouts/followme"
    ]
  },
  "cs.taunts.rekt": {
    "category": "master",
    "sounds": [
      "mcgo/taunts/rekt"
    ]
  },
  "cs.gamesounds.reloading": {
    "category": "master",
    "sounds": [
      "mcgo/gamesounds/reloading1",
      "mcgo/gamesounds/reloading2",
      "mcgo/gamesounds/reloading3"
    ]
  },
  "cs.callouts.letstakeitslow": {
    "category": "master",
    "sounds": [
      "mcgo/callouts/letstakeitslow"
    ]
  },
  "cs.weapons.smgshot": {
    "category": "master",
    "sounds": [
      "mcgo/weapons/smgshot01"
    ]
  },
  "cs.callouts.letsrush": {
    "category": "master",
    "sounds": [
      "mcgo/callouts/letsrush"
    ]
  },
  "cs.gamesounds.swappingsides": {
    "category": "master",
    "sounds": [
      "mcgo/gamesounds/swappingsides"
    ]
  },
  "cs.weapons.akshot": {
    "category": "master",
    "sounds": [
      "mcgo/weapons/ak47shot01"
    ]
  },
  "cs.callouts.thanks": {
    "category": "master",
    "sounds": [
      "mcgo/callouts/thanks"
    ]
  },
  "cs.throwables.explodeflashbang": {
    "category": "master",
    "sounds": [
      "mcgo/throwables/explodeflashbang"
    ]
  },
  "cs.gamesounds.bombdroppedenemyteam": {
    "category": "master",
    "sounds": [
      "mcgo/gamesounds/bombdroppedenemyteam"
    ]
  },
  "cs.callouts.savingmymoney": {
    "category": "master",
    "sounds": [
      "mcgo/callouts/savingmymoney"
    ]
  },
  "cs.callouts.stackup": {
    "category": "master",
    "sounds": [
      "mcgo/callouts/stackup"
    ]
  },
  "cs.throwables.explodefirebomb": {
    "category": "master",
    "sounds": [
      "mcgo/throwables/explodefirebomb"
    ]
  },
  "cs.gamesounds.throwingsmoke": {
    "category": "master",
    "sounds": [
      "mcgo/gamesounds/throwingsmoke"
    ]
  },
  "cs.callouts.rogerthat": {
    "category": "master",
    "sounds": [
      "mcgo/callouts/rogerthat"
    ]
  },
  "cs.weapons.knifeswing": {
    "category": "master",
    "sounds": [
      "mcgo/weapons/knifeswing01"
    ]
  },
  "cs.weapons.magnumshot": {
    "category": "master",
    "sounds": [
      "mcgo/weapons/magnumshot01"
    ]
  },
  "cs.shop.shopcantbuy": {
    "category": "master",
    "sounds": [
      "mcgo/shop/shopcantbuy"
    ]
  },
  "cs.throwables.grenadethrow": {
    "category": "master",
    "sounds": [
      "mcgo/throwables/grenadethrow"
    ]
  },
  "cs.gamesounds.bombbeep": {
    "category": "master",
    "sounds": [
      "mcgo/gamesounds/bombbeep"
    ]
  },
  "cs.gamesounds.headshotkill": {
    "category": "master",
    "sounds": [
      "mcgo/gamesounds/headshotkill"
    ]
  },
  "cs.throwables.explodesmoke": {
    "category": "master",
    "sounds": [
      "mcgo/throwables/explodesmoke"
    ]
  },
  "cs.gamesounds.bombplanted": {
    "category": "master",
    "sounds": [
      "mcgo/gamesounds/bombplanted"
    ]
  },
  "cs.callouts.coverme": {
    "category": "master",
    "sounds": [
      "mcgo/callouts/coverme"
    ]
  },
  "cs.callouts.goingtob": {
    "category": "master",
    "sounds": [
      "mcgo/callouts/goingtob"
    ]
  },
  "cs.gamesounds.pickedupthebomb": {
    "category": "master",
    "sounds": [
      "mcgo/gamesounds/pickedupthebomb"
    ]
  },
  "cs.gamesounds.roundstart": {
    "category": "master",
    "sounds": [
      "mcgo/gamesounds/roundstart1",
      "mcgo/gamesounds/roundstart2",
      "mcgo/gamesounds/roundstart3",
      "mcgo/gamesounds/roundstart4"
    ]
  },
  "cs.callouts.youtaketheotherside": {
    "category": "master",
    "sounds": [
      "mcgo/callouts/youtaketheotherside"
    ]
  },
  "cs.gamesounds.throwingdecoy": {
    "category": "master",
    "sounds": [
      "mcgo/gamesounds/throwingdecoy"
    ]
  },
  "cs.callouts.needaweapon": {
    "category": "master",
    "sounds": [
      "mcgo/callouts/needaweapon"
    ]
  },
  "cs.gamesounds.throwingfirebomb": {
    "category": "master",
    "sounds": [
      "mcgo/gamesounds/throwingfirebomb"
    ]
  },
  "cs.shop.boughtarmor": {
    "category": "master",
    "sounds": [
      "mcgo/shop/boughtarmor"
    ]
  },
  "cs.gamesounds.spawnedin": {
    "category": "master",
    "sounds": [
      "mcgo/gamesounds/spawnedin"
    ]
  },
  "cs.shop.shopmenuopen": {
    "category": "master",
    "sounds": [
      "mcgo/shop/shopmenuopen"
    ]
  },
  "random.bowhit": {
    "category": "master",
    "sounds": [
      "random/bowhit1",
      "random/bowhit2",
      "random/bowhit3",
      "random/bowhit4"
    ]
  },
  "cs.taunts.knifefight": {
    "category": "master",
    "sounds": [
      "mcgo/taunts/knifefight"
    ]
  },
  "cs.weapons.pistolshot": {
    "category": "master",
    "sounds": [
      "mcgo/weapons/pistolshot01"
    ]
  },
  "cs.callouts.goingtoa": {
    "category": "master",
    "sounds": [
      "mcgo/callouts/goingtoa"
    ]
  }
}
